sno,name,handedness,height,weight,avg,HR,ratio,bodyindex,bodytype,CatAvg
2,Denny Lemaster,RIGHT,73,182,0.13,4,0.401098901,1,MODERATE,4.50E-04
3,Joe Nolan,LEFT,71,175,0.263,27,0.405714286,1,MODERATE,9.95E-04
4,Denny Doyle,LEFT,69,175,0.25,16,0.394285714,1,MODERATE,9.95E-04
5,Jose Cardenal,RIGHT,70,150,0.275,138,0.466666667,2,LEAN,4.50E-04
6,Mike Ryan,RIGHT,74,205,0.193,28,0.36097561,0,HEAVY,4.50E-04
7,Fritz Peterson,BOTH,72,185,0.159,2,0.389189189,1,MODERATE,0.002943388
8,Dick Bertell,RIGHT,72,200,0.25,10,0.36,0,HEAVY,4.50E-04
9,Rod Kanehl,RIGHT,73,180,0.241,6,0.405555556,1,MODERATE,4.50E-04
13,Juan Bonilla,RIGHT,69,170,0.256,7,0.405882353,1,MODERATE,4.50E-04
14,Frank Tepedino,LEFT,71,185,0.241,6,0.383783784,1,MODERATE,9.95E-04
16,Rick Wise,RIGHT,73,180,0.195,15,0.405555556,1,MODERATE,4.50E-04
17,Darrell Evans,LEFT,74,200,0.248,414,0.37,0,HEAVY,9.95E-04
18,Buck Martinez,RIGHT,70,190,0.225,58,0.368421053,0,HEAVY,4.50E-04
19,John Wockenfuss,RIGHT,72,190,0.262,86,0.378947368,0,HEAVY,4.50E-04
20,Tommy McCraw,LEFT,72,183,0.246,75,0.393442623,1,MODERATE,9.95E-04
24,Lee Lacy,RIGHT,73,175,0.286,91,0.417142857,1,MODERATE,4.50E-04
25,Pete Rose,BOTH,71,192,0.303,160,0.369791667,0,HEAVY,0.002943388
26,Danny Walton,RIGHT,72,195,0.223,28,0.369230769,0,HEAVY,4.50E-04
27,Bobby Cox,RIGHT,71,180,0.225,9,0.394444444,1,MODERATE,4.50E-04
28,Brad Wellman,RIGHT,72,170,0.231,6,0.423529412,1,MODERATE,4.50E-04
29,Jeff Newman,RIGHT,74,215,0.224,63,0.344186047,0,HEAVY,4.50E-04
30,Pedro Gonzalez,RIGHT,72,176,0.244,8,0.409090909,1,MODERATE,4.50E-04
32,Tommie Reynolds,RIGHT,74,190,0.226,12,0.389473684,1,MODERATE,4.50E-04
33,Gene Clines,RIGHT,69,170,0.277,5,0.405882353,1,MODERATE,4.50E-04
34,Jim Hickman,RIGHT,75,192,0.252,159,0.390625,1,MODERATE,4.50E-04
36,Jerry Buchek,RIGHT,71,185,0.22,22,0.383783784,1,MODERATE,4.50E-04
37,Ivan DeJesus,RIGHT,71,175,0.254,21,0.405714286,1,MODERATE,4.50E-04
38,Gary Nolan,RIGHT,74,197,0.138,1,0.375634518,0,HEAVY,4.50E-04
40,Fred Whitfield,LEFT,73,190,0.253,108,0.384210526,1,MODERATE,9.95E-04
41,Larry Dierker,RIGHT,76,215,0.136,4,0.353488372,0,HEAVY,4.50E-04
42,Dave Skaggs,RIGHT,74,200,0.241,3,0.37,0,HEAVY,4.50E-04
43,Dick Ruthven,RIGHT,75,190,0.183,1,0.394736842,1,MODERATE,4.50E-04
46,Dave Kingman,RIGHT,78,210,0.236,442,0.371428571,0,HEAVY,4.50E-04
47,Eric Soderholm,RIGHT,71,187,0.264,102,0.379679144,1,MODERATE,4.50E-04
49,Ed Brinkman,RIGHT,72,170,0.224,60,0.423529412,1,MODERATE,4.50E-04
50,Wayne Garrett,LEFT,71,175,0.239,61,0.405714286,1,MODERATE,9.95E-04
51,Tony Muser,LEFT,74,180,0.259,7,0.411111111,1,MODERATE,9.95E-04
54,Ted Ford,RIGHT,70,180,0.219,17,0.388888889,1,MODERATE,4.50E-04
56,Jim Lyttle,LEFT,72,180,0.248,9,0.4,1,MODERATE,9.95E-04
59,Scot Thompson,LEFT,75,195,0.262,5,0.384615385,1,MODERATE,9.95E-04
60,Gene Locklear,LEFT,70,165,0.274,9,0.424242424,1,MODERATE,9.95E-04
61,Bo Diaz,RIGHT,71,185,0.255,87,0.383783784,1,MODERATE,4.50E-04
62,Bump Wills,BOTH,69,172,0.266,36,0.401162791,1,MODERATE,0.002943388
64,Pat Putnam,LEFT,72,205,0.255,63,0.351219512,0,HEAVY,9.95E-04
65,Kurt Bevacqua,RIGHT,72,180,0.236,27,0.4,1,MODERATE,4.50E-04
67,Syd O'Brien,RIGHT,73,185,0.23,24,0.394594595,1,MODERATE,4.50E-04
68,Chris Chambliss,LEFT,73,195,0.279,185,0.374358974,0,HEAVY,9.95E-04
69,Tom Satriano,LEFT,73,185,0.225,21,0.394594595,1,MODERATE,9.95E-04
70,Jeffrey Leonard,RIGHT,74,200,0.266,144,0.37,0,HEAVY,4.50E-04
71,Dal Maxvill,RIGHT,71,157,0.217,6,0.452229299,2,LEAN,4.50E-04
73,Cesar Tovar,RIGHT,69,155,0.278,46,0.44516129,2,LEAN,4.50E-04
76,Jack Heidemann,RIGHT,72,175,0.211,9,0.411428571,1,MODERATE,4.50E-04
77,Rich Rollins,RIGHT,70,185,0.269,77,0.378378378,0,HEAVY,4.50E-04
78,Walt Bond,LEFT,79,228,0.256,41,0.346491228,0,HEAVY,9.95E-04
79,Merv Rettenmund,RIGHT,70,190,0.271,66,0.368421053,0,HEAVY,4.50E-04
81,Byron Browne,RIGHT,74,190,0.236,30,0.389473684,1,MODERATE,4.50E-04
82,Hector Torres,RIGHT,72,175,0.216,18,0.411428571,1,MODERATE,4.50E-04
83,Walt Williams,RIGHT,66,165,0.27,33,0.4,1,MODERATE,4.50E-04
84,Jerry Koosman,RIGHT,74,205,0.119,2,0.36097561,0,HEAVY,4.50E-04
85,Steve Lombardozzi,RIGHT,72,175,0.233,20,0.411428571,1,MODERATE,4.50E-04
86,Joe Azcue,RIGHT,72,190,0.252,50,0.378947368,0,HEAVY,4.50E-04
87,Elliott Maddox,RIGHT,71,180,0.261,18,0.394444444,1,MODERATE,4.50E-04
88,Omar Moreno,LEFT,74,180,0.252,37,0.411111111,1,MODERATE,9.95E-04
89,Julian Javier,RIGHT,73,175,0.257,78,0.417142857,1,MODERATE,4.50E-04
91,Elio Chacon,RIGHT,69,160,0.232,4,0.43125,1,MODERATE,4.50E-04
92,Rusty Torres,BOTH,70,175,0.212,35,0.4,1,MODERATE,0.002943388
93,John Stearns,RIGHT,72,185,0.26,46,0.389189189,1,MODERATE,4.50E-04
94,Larry Brown,RIGHT,70,160,0.233,47,0.4375,2,LEAN,4.50E-04
95,Tommy Dean,RIGHT,72,165,0.18,4,0.436363636,2,LEAN,4.50E-04
99,Bruce Boisclair,LEFT,74,185,0.263,10,0.4,1,MODERATE,9.95E-04
100,Ken Singleton,BOTH,76,210,0.282,246,0.361904762,0,HEAVY,0.002943388
101,Frank White,RIGHT,71,165,0.255,160,0.43030303,1,MODERATE,4.50E-04
102,Jim Fairey,LEFT,70,190,0.235,7,0.368421053,0,HEAVY,9.95E-04
104,Tom Brookens,RIGHT,70,165,0.246,71,0.424242424,1,MODERATE,4.50E-04
105,Gary Thomasson,LEFT,73,180,0.249,61,0.405555556,1,MODERATE,9.95E-04
109,Otto Velez,RIGHT,72,170,0.251,78,0.423529412,1,MODERATE,4.50E-04
110,Tony Scott,BOTH,72,164,0.249,17,0.43902439,2,LEAN,0.002943388
111,Ray Oyler,RIGHT,71,165,0.175,15,0.43030303,1,MODERATE,4.50E-04
113,Floyd Robinson,LEFT,69,175,0.283,67,0.394285714,1,MODERATE,9.95E-04
114,Steve Jeltz,BOTH,71,180,0.21,5,0.394444444,1,MODERATE,0.002943388
115,Lou Brock,LEFT,71,170,0.293,149,0.417647059,1,MODERATE,9.95E-04
117,Joe Lovitto,BOTH,72,185,0.216,4,0.389189189,1,MODERATE,0.002943388
119,Wayne Comer,RIGHT,70,175,0.229,16,0.4,1,MODERATE,4.50E-04
120,Dave Collins,BOTH,71,175,0.272,32,0.405714286,1,MODERATE,0.002943388
121,Ed Spiezio,RIGHT,71,180,0.238,39,0.394444444,1,MODERATE,4.50E-04
122,Rico Petrocelli,RIGHT,72,175,0.251,210,0.411428571,1,MODERATE,4.50E-04
123,Johnny Lewis,LEFT,73,189,0.227,22,0.386243386,1,MODERATE,9.95E-04
124,Dick Simpson,RIGHT,76,176,0.207,15,0.431818182,1,MODERATE,4.50E-04
125,Ken Boswell,LEFT,72,170,0.248,31,0.423529412,1,MODERATE,9.95E-04
126,Ken McMullen,RIGHT,75,190,0.248,156,0.394736842,1,MODERATE,4.50E-04
128,Steve Swisher,RIGHT,74,205,0.216,20,0.36097561,0,HEAVY,4.50E-04
130,Dick Howser,RIGHT,68,155,0.248,16,0.438709677,2,LEAN,4.50E-04
131,Manny Castillo,BOTH,69,160,0.242,3,0.43125,1,MODERATE,0.002943388
132,Mike Ramsey,BOTH,73,170,0.24,2,0.429411765,1,MODERATE,0.002943388
133,Willie Crawford,LEFT,73,197,0.268,86,0.370558376,0,HEAVY,9.95E-04
135,Willie Norwood,RIGHT,72,185,0.242,18,0.389189189,1,MODERATE,4.50E-04
137,Jeff Stone,LEFT,72,175,0.277,11,0.411428571,1,MODERATE,9.95E-04
139,Joe Lahoud,LEFT,73,198,0.223,65,0.368686869,0,HEAVY,9.95E-04
140,Tim Flannery,LEFT,71,175,0.255,9,0.405714286,1,MODERATE,9.95E-04
141,Dave McKay,BOTH,73,195,0.229,21,0.374358974,0,HEAVY,0.002943388
145,Benny Ayala,RIGHT,73,185,0.251,38,0.394594595,1,MODERATE,4.50E-04
147,Greg Gross,LEFT,70,160,0.287,7,0.4375,2,LEAN,9.95E-04
149,Sal Butera,RIGHT,72,190,0.227,8,0.378947368,0,HEAVY,4.50E-04
150,Jack Brohamer,LEFT,70,165,0.245,30,0.424242424,1,MODERATE,9.95E-04
151,Von Joshua,LEFT,70,170,0.273,30,0.411764706,1,MODERATE,9.95E-04
152,Eddie Milner,LEFT,71,173,0.253,42,0.410404624,1,MODERATE,9.95E-04
153,Johnny Jeter,RIGHT,73,180,0.244,18,0.405555556,1,MODERATE,4.50E-04
154,Angel Salazar,RIGHT,72,180,0.212,2,0.4,1,MODERATE,4.50E-04
155,Tony Oliva,LEFT,73,175,0.304,220,0.417142857,1,MODERATE,9.95E-04
156,Cito Gaston,RIGHT,75,190,0.256,91,0.394736842,1,MODERATE,4.50E-04
157,Cookie Rojas,RIGHT,70,160,0.263,54,0.4375,2,LEAN,4.50E-04
158,Rich Morales,RIGHT,71,170,0.195,6,0.417647059,1,MODERATE,4.50E-04
160,Dan Ford,RIGHT,73,185,0.27,121,0.394594595,1,MODERATE,4.50E-04
162,Darryl Motley,RIGHT,69,196,0.243,44,0.352040816,0,HEAVY,4.50E-04
163,Ozzie Virgil,RIGHT,73,180,0.243,98,0.405555556,1,MODERATE,4.50E-04
164,Johnny Oates,LEFT,71,188,0.25,14,0.377659574,0,HEAVY,9.95E-04
166,Mike Phillips,LEFT,72,170,0.24,11,0.423529412,1,MODERATE,9.95E-04
167,Ron Santo,RIGHT,72,190,0.277,342,0.378947368,0,HEAVY,4.50E-04
168,Jay Johnstone,LEFT,73,175,0.267,102,0.417142857,1,MODERATE,9.95E-04
169,Jim Ray Hart,RIGHT,71,185,0.278,170,0.383783784,1,MODERATE,4.50E-04
170,Marc Hill,RIGHT,75,205,0.223,34,0.365853659,0,HEAVY,4.50E-04
173,Chico Salmon,RIGHT,70,160,0.249,31,0.4375,2,LEAN,4.50E-04
174,Joe Niekro,RIGHT,73,185,0.156,1,0.394594595,1,MODERATE,4.50E-04
175,Andy Etchebarren,RIGHT,73,190,0.235,49,0.384210526,1,MODERATE,4.50E-04
176,Ken Berry,RIGHT,72,175,0.255,58,0.411428571,1,MODERATE,4.50E-04
177,Dave Concepcion,RIGHT,74,155,0.267,101,0.477419355,2,LEAN,4.50E-04
178,Junior Moore,RIGHT,71,185,0.264,7,0.383783784,1,MODERATE,4.50E-04
179,Mike Richardt,RIGHT,72,170,0.226,4,0.423529412,1,MODERATE,4.50E-04
180,Chris Brown,RIGHT,72,185,0.269,38,0.389189189,1,MODERATE,4.50E-04
181,Al Bumbry,LEFT,68,170,0.281,54,0.4,1,MODERATE,9.95E-04
182,Al Downing,RIGHT,71,175,0.127,2,0.405714286,1,MODERATE,4.50E-04
184,Jake Gibbs,LEFT,72,180,0.233,25,0.4,1,MODERATE,9.95E-04
185,Garry Hancock,LEFT,72,175,0.247,12,0.411428571,1,MODERATE,9.95E-04
186,Ed Kranepool,LEFT,75,205,0.261,118,0.365853659,0,HEAVY,9.95E-04
187,Rick Rhoden,RIGHT,75,195,0.238,9,0.384615385,1,MODERATE,4.50E-04
188,Denny McLain,RIGHT,73,185,0.133,1,0.394594595,1,MODERATE,4.50E-04
189,Chuck Hiller,LEFT,71,170,0.243,20,0.417647059,1,MODERATE,9.95E-04
190,Jorge Orta,LEFT,70,170,0.278,130,0.411764706,1,MODERATE,9.95E-04
191,Dave Cash,RIGHT,71,170,0.283,21,0.417647059,1,MODERATE,4.50E-04
192,Bucky Dent,RIGHT,69,170,0.247,40,0.405882353,1,MODERATE,4.50E-04
195,Tony Gonzalez,LEFT,69,170,0.286,103,0.405882353,1,MODERATE,9.95E-04
197,Larry Haney,RIGHT,74,195,0.215,12,0.379487179,1,MODERATE,4.50E-04
198,Billy Conigliaro,RIGHT,72,180,0.256,40,0.4,1,MODERATE,4.50E-04
199,Gary Roenicke,RIGHT,75,205,0.247,121,0.365853659,0,HEAVY,4.50E-04
200,Don Lock,RIGHT,74,195,0.238,122,0.379487179,1,MODERATE,4.50E-04
201,Billy Cowan,RIGHT,72,170,0.236,40,0.423529412,1,MODERATE,4.50E-04
202,Billy Smith,BOTH,74,185,0.23,17,0.4,1,MODERATE,0.002943388
204,Tony Perez,RIGHT,74,175,0.279,379,0.422857143,1,MODERATE,4.50E-04
205,Chuck Schilling,RIGHT,70,160,0.239,23,0.4375,2,LEAN,4.50E-04
206,Hal McRae,RIGHT,71,180,0.29,191,0.394444444,1,MODERATE,4.50E-04
207,Dave Roberts,RIGHT,75,215,0.239,49,0.348837209,0,HEAVY,4.50E-04
209,Jim Lefebvre,BOTH,72,180,0.251,74,0.4,1,MODERATE,0.002943388
212,Charlie Spikes,RIGHT,75,215,0.246,65,0.348837209,0,HEAVY,4.50E-04
214,Steve Whitaker,LEFT,72,180,0.23,24,0.4,1,MODERATE,9.95E-04
215,Manny Jimenez,LEFT,73,185,0.272,26,0.394594595,1,MODERATE,9.95E-04
217,Duffy Dyer,RIGHT,72,187,0.221,30,0.385026738,1,MODERATE,4.50E-04
218,Ken Henderson,BOTH,74,180,0.257,122,0.411111111,1,MODERATE,0.002943388
221,Vern Fuller,RIGHT,73,170,0.232,14,0.429411765,1,MODERATE,4.50E-04
223,Wayne Gross,LEFT,74,210,0.233,121,0.352380952,0,HEAVY,9.95E-04
224,Mike Champion,RIGHT,72,185,0.229,2,0.389189189,1,MODERATE,4.50E-04
226,Paul Casanova,RIGHT,76,180,0.225,50,0.422222222,1,MODERATE,4.50E-04
229,Terry Crowley,LEFT,72,180,0.25,42,0.4,1,MODERATE,9.95E-04
230,Horace Clarke,BOTH,69,170,0.256,27,0.405882353,1,MODERATE,0.002943388
231,Lou Clinton,RIGHT,73,185,0.247,65,0.394594595,1,MODERATE,4.50E-04
232,Larry Cox,RIGHT,70,178,0.221,12,0.393258427,1,MODERATE,4.50E-04
233,Nate Colbert,RIGHT,74,190,0.243,173,0.389473684,1,MODERATE,4.50E-04
234,Phil Roof,RIGHT,74,190,0.215,43,0.389473684,1,MODERATE,4.50E-04
235,Chuck Hinton,RIGHT,73,180,0.264,113,0.405555556,1,MODERATE,4.50E-04
236,Tim Cullen,RIGHT,73,185,0.22,9,0.394594595,1,MODERATE,4.50E-04
237,Tim Harkness,LEFT,74,182,0.235,14,0.406593407,1,MODERATE,9.95E-04
238,Rick Bosetti,RIGHT,71,185,0.25,17,0.383783784,1,MODERATE,4.50E-04
239,Ron Pruitt,RIGHT,72,185,0.269,12,0.389189189,1,MODERATE,4.50E-04
240,George Foster,RIGHT,73,180,0.274,348,0.405555556,1,MODERATE,4.50E-04
241,Jerry White,BOTH,70,164,0.253,21,0.426829268,1,MODERATE,0.002943388
242,Angel Mangual,RIGHT,70,178,0.245,22,0.393258427,1,MODERATE,4.50E-04
243,Ken Gerhart,RIGHT,72,190,0.221,24,0.378947368,0,HEAVY,4.50E-04
244,Mike Hershberger,RIGHT,70,175,0.252,26,0.4,1,MODERATE,4.50E-04
245,Jim French,LEFT,68,180,0.196,5,0.377777778,0,HEAVY,9.95E-04
246,Dave Roberts,LEFT,75,195,0.194,7,0.384615385,1,MODERATE,9.95E-04
247,Jim Mason,LEFT,74,185,0.203,12,0.4,1,MODERATE,9.95E-04
249,Willie Smith,LEFT,72,182,0.248,46,0.395604396,1,MODERATE,9.95E-04
251,Jose Arcia,RIGHT,75,170,0.215,1,0.441176471,2,LEAN,4.50E-04
252,Leon Durham,LEFT,73,185,0.277,147,0.394594595,1,MODERATE,9.95E-04
254,Paul Householder,BOTH,72,180,0.236,29,0.4,1,MODERATE,0.002943388
255,Aurelio Rodriguez,RIGHT,70,180,0.237,124,0.388888889,1,MODERATE,4.50E-04
256,Jimmy Stewart,BOTH,72,165,0.237,8,0.436363636,2,LEAN,0.002943388
257,Dick Phillips,LEFT,72,180,0.229,12,0.4,1,MODERATE,9.95E-04
258,Andres Thomas,RIGHT,73,170,0.234,42,0.429411765,1,MODERATE,4.50E-04
260,Mike de la Hoz,RIGHT,71,175,0.251,25,0.405714286,1,MODERATE,4.50E-04
261,Frank Taveras,RIGHT,72,155,0.255,2,0.464516129,2,LEAN,4.50E-04
262,Joe Nossek,RIGHT,72,178,0.228,3,0.404494382,1,MODERATE,4.50E-04
263,Larry Stahl,LEFT,72,175,0.232,36,0.411428571,1,MODERATE,9.95E-04
264,Jose Cruz,LEFT,72,170,0.284,165,0.423529412,1,MODERATE,9.95E-04
265,Don Mason,LEFT,71,160,0.205,3,0.44375,2,LEAN,9.95E-04
266,Bill Robinson,RIGHT,74,189,0.258,166,0.391534392,1,MODERATE,4.50E-04
268,Sal Bando,RIGHT,72,195,0.254,242,0.369230769,0,HEAVY,4.50E-04
269,George Mitterwald,RIGHT,74,195,0.236,76,0.379487179,1,MODERATE,4.50E-04
272,Bob Tillman,RIGHT,76,205,0.232,79,0.370731707,0,HEAVY,4.50E-04
274,Pat Corrales,RIGHT,72,180,0.216,4,0.4,1,MODERATE,4.50E-04
275,Mike Tyson,RIGHT,69,170,0.241,27,0.405882353,1,MODERATE,4.50E-04
276,Rafael Landestoy,BOTH,70,165,0.237,4,0.424242424,1,MODERATE,0.002943388
277,Duane Josephson,RIGHT,72,190,0.258,23,0.378947368,0,HEAVY,4.50E-04
278,Duane Walker,LEFT,72,185,0.229,24,0.389189189,1,MODERATE,9.95E-04
279,Glenn Hubbard,RIGHT,69,150,0.244,70,0.46,2,LEAN,4.50E-04
280,Roger Freed,RIGHT,72,190,0.245,22,0.378947368,0,HEAVY,4.50E-04
281,George Hendrick,RIGHT,75,195,0.278,267,0.384615385,1,MODERATE,4.50E-04
282,Rod Carew,LEFT,72,170,0.328,92,0.423529412,1,MODERATE,9.95E-04
283,Bob Davis,RIGHT,72,180,0.197,6,0.4,1,MODERATE,4.50E-04
284,Toby Harrah,RIGHT,72,175,0.264,195,0.411428571,1,MODERATE,4.50E-04
285,Rick Manning,LEFT,73,180,0.257,56,0.405555556,1,MODERATE,9.95E-04
288,Gary Matthews,RIGHT,74,185,0.281,234,0.4,1,MODERATE,4.50E-04
289,Cesar Geronimo,LEFT,72,165,0.258,51,0.436363636,2,LEAN,9.95E-04
290,Billy Bryan,LEFT,76,200,0.216,41,0.38,1,MODERATE,9.95E-04
292,Terry Whitfield,LEFT,73,197,0.281,33,0.370558376,0,HEAVY,9.95E-04
293,Mario Mendoza,RIGHT,71,170,0.215,4,0.417647059,1,MODERATE,4.50E-04
294,Fred Lynn,LEFT,73,185,0.283,306,0.394594595,1,MODERATE,9.95E-04
295,Larry Hisle,RIGHT,74,193,0.273,166,0.383419689,1,MODERATE,4.50E-04
296,Graig Nettles,LEFT,72,180,0.248,390,0.4,1,MODERATE,9.95E-04
298,Dave Engle,RIGHT,75,210,0.262,31,0.357142857,0,HEAVY,4.50E-04
300,Mike Easler,LEFT,72,190,0.293,118,0.378947368,0,HEAVY,9.95E-04
303,Rick Sweet,BOTH,73,200,0.234,6,0.365,0,HEAVY,0.002943388
304,Thurman Munson,RIGHT,71,190,0.292,113,0.373684211,0,HEAVY,4.50E-04
305,Rick Monday,LEFT,75,193,0.264,241,0.388601036,1,MODERATE,9.95E-04
306,Mike Sadek,RIGHT,69,165,0.226,5,0.418181818,1,MODERATE,4.50E-04
307,Mark Belanger,RIGHT,73,170,0.228,20,0.429411765,1,MODERATE,4.50E-04
308,Ron Hunt,RIGHT,72,186,0.273,39,0.387096774,1,MODERATE,4.50E-04
309,Joe Keough,LEFT,72,185,0.246,9,0.389189189,1,MODERATE,9.95E-04
311,Vic Correll,RIGHT,70,185,0.229,29,0.378378378,0,HEAVY,4.50E-04
312,Jackie Hernandez,RIGHT,71,165,0.208,12,0.43030303,1,MODERATE,4.50E-04
313,Tony Solaita,LEFT,72,210,0.255,50,0.342857143,0,HEAVY,9.95E-04
314,U L Washington,BOTH,71,175,0.251,27,0.405714286,1,MODERATE,0.002943388
317,Joe Foy,RIGHT,72,215,0.248,58,0.334883721,0,HEAVY,4.50E-04
318,Ed Goodson,LEFT,75,180,0.26,30,0.416666667,1,MODERATE,9.95E-04
320,Mickey Klutts,RIGHT,71,170,0.241,14,0.417647059,1,MODERATE,4.50E-04
321,Leroy Stanton,RIGHT,73,195,0.244,77,0.374358974,0,HEAVY,4.50E-04
324,Danny Ainge,RIGHT,76,175,0.22,2,0.434285714,1,MODERATE,4.50E-04
325,Adolfo Phillips,RIGHT,73,175,0.247,59,0.417142857,1,MODERATE,4.50E-04
326,Marv Breeding,RIGHT,72,175,0.25,7,0.411428571,1,MODERATE,4.50E-04
328,Dick McAuliffe,LEFT,71,176,0.247,197,0.403409091,1,MODERATE,9.95E-04
330,Glenn Burke,RIGHT,72,195,0.237,2,0.369230769,0,HEAVY,4.50E-04
332,Terry Humphrey,RIGHT,75,185,0.211,6,0.405405405,1,MODERATE,4.50E-04
334,Enzo Hernandez,RIGHT,68,155,0.224,2,0.438709677,2,LEAN,4.50E-04
336,Coco Laboy,RIGHT,70,165,0.233,28,0.424242424,1,MODERATE,4.50E-04
337,Ted Kubiak,BOTH,72,175,0.231,13,0.411428571,1,MODERATE,0.002943388
338,Jim Morrison,RIGHT,71,175,0.26,112,0.405714286,1,MODERATE,4.50E-04
340,Bobby Knoop,RIGHT,73,170,0.236,56,0.429411765,1,MODERATE,4.50E-04
341,Bobby Brown,BOTH,74,190,0.245,26,0.389473684,1,MODERATE,0.002943388
342,Tom Hutton,LEFT,71,180,0.248,22,0.394444444,1,MODERATE,9.95E-04
343,Ron Hodges,LEFT,73,185,0.24,19,0.394594595,1,MODERATE,9.95E-04
344,Rich Chiles,LEFT,71,170,0.254,6,0.417647059,1,MODERATE,9.95E-04
345,Tom Paciorek,RIGHT,76,215,0.282,86,0.353488372,0,HEAVY,4.50E-04
346,Gary Woods,RIGHT,74,185,0.243,13,0.4,1,MODERATE,4.50E-04
347,Bob Montgomery,RIGHT,73,195,0.258,23,0.374358974,0,HEAVY,4.50E-04
348,Jeff Burroughs,RIGHT,73,200,0.261,240,0.365,0,HEAVY,4.50E-04
349,Rusty Staub,LEFT,74,190,0.279,292,0.389473684,1,MODERATE,9.95E-04
350,Jim Norris,LEFT,70,175,0.264,7,0.4,1,MODERATE,9.95E-04
351,Oscar Gamble,LEFT,71,160,0.265,200,0.44375,2,LEAN,9.95E-04
353,George Vukovich,LEFT,72,198,0.268,27,0.363636364,0,HEAVY,9.95E-04
355,Craig Reynolds,LEFT,73,175,0.256,42,0.417142857,1,MODERATE,9.95E-04
356,Paul Blair,RIGHT,72,168,0.25,134,0.428571429,1,MODERATE,4.50E-04
357,Al Cowens,RIGHT,73,197,0.27,108,0.370558376,0,HEAVY,4.50E-04
358,Al Oliver,LEFT,72,195,0.303,219,0.369230769,0,HEAVY,9.95E-04
359,Dave Hilton,RIGHT,71,191,0.213,6,0.371727749,0,HEAVY,4.50E-04
360,Luis Alvarado,RIGHT,69,162,0.214,5,0.425925926,1,MODERATE,4.50E-04
361,Larry Parrish,RIGHT,75,190,0.263,256,0.394736842,1,MODERATE,4.50E-04
362,Woodie Fryman,RIGHT,75,197,0.138,2,0.38071066,1,MODERATE,4.50E-04
363,Bob Randall,RIGHT,74,175,0.257,1,0.422857143,1,MODERATE,4.50E-04
364,Jim Pankovits,RIGHT,70,170,0.25,9,0.411764706,1,MODERATE,4.50E-04
366,Carmen Fanzone,RIGHT,72,200,0.224,20,0.36,0,HEAVY,4.50E-04
367,Gary Allenson,RIGHT,71,185,0.221,19,0.383783784,1,MODERATE,4.50E-04
368,Milt May,LEFT,72,190,0.263,77,0.378947368,0,HEAVY,9.95E-04
369,Mike Vail,RIGHT,73,180,0.279,34,0.405555556,1,MODERATE,4.50E-04
370,Nick Esasky,RIGHT,75,200,0.25,122,0.375,0,HEAVY,4.50E-04
371,Jim Nettles,LEFT,72,186,0.22,16,0.387096774,1,MODERATE,9.95E-04
373,Chris Cannizzaro,RIGHT,72,190,0.235,18,0.378947368,0,HEAVY,4.50E-04
374,Larry Biittner,LEFT,74,205,0.273,29,0.36097561,0,HEAVY,9.95E-04
376,Mel Stottlemyre,RIGHT,73,178,0.16,7,0.41011236,1,MODERATE,4.50E-04
379,Roy Smalley,BOTH,73,185,0.257,163,0.394594595,1,MODERATE,0.002943388
381,Andy Messersmith,RIGHT,73,200,0.17,5,0.365,0,HEAVY,4.50E-04
382,Richie Zisk,RIGHT,73,200,0.287,207,0.365,0,HEAVY,4.50E-04
383,Dave Chalk,RIGHT,70,175,0.252,15,0.4,1,MODERATE,4.50E-04
384,Don Baylor,RIGHT,73,190,0.26,338,0.384210526,1,MODERATE,4.50E-04
385,John Vukovich,RIGHT,73,187,0.161,6,0.390374332,1,MODERATE,4.50E-04
386,Danny Thompson,RIGHT,72,183,0.248,15,0.393442623,1,MODERATE,4.50E-04
387,Joe Simpson,LEFT,75,175,0.242,9,0.428571429,1,MODERATE,9.95E-04
388,Bill Fahey,LEFT,72,200,0.241,7,0.36,0,HEAVY,9.95E-04
389,Doug Camilli,RIGHT,71,195,0.199,18,0.364102564,0,HEAVY,4.50E-04
390,Bernie Allen,LEFT,72,175,0.239,73,0.411428571,1,MODERATE,9.95E-04
391,Bruce Bochy,RIGHT,75,205,0.239,26,0.365853659,0,HEAVY,4.50E-04
393,Claudell Washington,LEFT,72,190,0.278,164,0.378947368,0,HEAVY,9.95E-04
394,John Donaldson,LEFT,71,160,0.238,4,0.44375,2,LEAN,9.95E-04
396,John Mayberry,LEFT,75,215,0.253,255,0.348837209,0,HEAVY,9.95E-04
397,Ken Reitz,RIGHT,72,180,0.26,68,0.4,1,MODERATE,4.50E-04
398,Amos Otis,RIGHT,71,165,0.277,193,0.43030303,1,MODERATE,4.50E-04
399,Gene Alley,RIGHT,70,160,0.254,55,0.4375,2,LEAN,4.50E-04
400,Ted Sizemore,RIGHT,70,165,0.262,23,0.424242424,1,MODERATE,4.50E-04
401,Dan Briggs,LEFT,72,180,0.195,12,0.4,1,MODERATE,9.95E-04
403,Doug Flynn,RIGHT,71,165,0.238,7,0.43030303,1,MODERATE,4.50E-04
405,Ken Holtzman,RIGHT,74,175,0.163,2,0.422857143,1,MODERATE,4.50E-04
406,Pete Ward,LEFT,73,185,0.254,98,0.394594595,1,MODERATE,9.95E-04
407,Kevin Bell,RIGHT,72,195,0.222,13,0.369230769,0,HEAVY,4.50E-04
408,Tom Nieto,RIGHT,73,193,0.205,5,0.378238342,0,HEAVY,4.50E-04
409,Duke Sims,LEFT,74,197,0.239,100,0.375634518,0,HEAVY,9.95E-04
410,Larvell Blanks,RIGHT,68,167,0.253,20,0.407185629,1,MODERATE,4.50E-04
412,Mike Davis,LEFT,74,175,0.259,91,0.422857143,1,MODERATE,9.95E-04
413,Jerry Reuss,LEFT,77,200,0.167,1,0.385,1,MODERATE,9.95E-04
414,Steve Yeager,RIGHT,72,190,0.228,102,0.378947368,0,HEAVY,4.50E-04
415,Danny Goodwin,LEFT,73,195,0.236,13,0.374358974,0,HEAVY,9.95E-04
416,Bud Harrelson,BOTH,71,160,0.236,7,0.44375,2,LEAN,0.002943388
417,Bob Knepper,LEFT,75,195,0.137,6,0.384615385,1,MODERATE,9.95E-04
418,Mickey Rivers,LEFT,70,165,0.295,61,0.424242424,1,MODERATE,9.95E-04
419,Jim Northrup,LEFT,75,190,0.267,153,0.394736842,1,MODERATE,9.95E-04
420,John Hale,LEFT,74,195,0.201,14,0.379487179,1,MODERATE,9.95E-04
422,Pedro Garcia,RIGHT,70,175,0.22,37,0.4,1,MODERATE,4.50E-04
423,Carl Yastrzemski,LEFT,71,175,0.285,452,0.405714286,1,MODERATE,9.95E-04
426,Derrel Thomas,BOTH,72,160,0.249,43,0.45,2,LEAN,0.002943388
427,Art Howe,RIGHT,74,190,0.26,43,0.389473684,1,MODERATE,4.50E-04
428,Ike Brown,RIGHT,72,190,0.256,20,0.378947368,0,HEAVY,4.50E-04
429,Howie Goss,RIGHT,76,204,0.216,11,0.37254902,0,HEAVY,4.50E-04
430,Glenn Borgmann,RIGHT,76,210,0.229,16,0.361904762,0,HEAVY,4.50E-04
431,Lamar Johnson,RIGHT,74,215,0.287,64,0.344186047,0,HEAVY,4.50E-04
432,Julio Gonzalez,RIGHT,71,162,0.235,4,0.438271605,2,LEAN,4.50E-04
433,Bobby Klaus,RIGHT,70,170,0.208,6,0.411764706,1,MODERATE,4.50E-04
434,Manny Sanguillen,RIGHT,72,193,0.296,65,0.373056995,0,HEAVY,4.50E-04
435,Gates Brown,LEFT,71,220,0.257,84,0.322727273,0,HEAVY,9.95E-04
436,Johnny Ray,BOTH,71,170,0.29,53,0.417647059,1,MODERATE,0.002943388
437,Jesus Alou,RIGHT,74,190,0.28,32,0.389473684,1,MODERATE,4.50E-04
438,Ken Landreaux,LEFT,70,165,0.268,91,0.424242424,1,MODERATE,9.95E-04
439,Enos Cabell,RIGHT,76,170,0.277,60,0.447058824,2,LEAN,4.50E-04
441,Billy North,BOTH,71,185,0.261,20,0.383783784,1,MODERATE,0.002943388
442,Juan Beniquez,RIGHT,71,150,0.274,79,0.473333333,2,LEAN,4.50E-04
443,Frank Fernandez,RIGHT,72,185,0.199,39,0.389189189,1,MODERATE,4.50E-04
444,Bombo Rivera,RIGHT,70,187,0.265,10,0.374331551,0,HEAVY,4.50E-04
445,Steve Brye,RIGHT,72,190,0.258,30,0.378947368,0,HEAVY,4.50E-04
446,Ron Jackson,RIGHT,72,200,0.259,56,0.36,0,HEAVY,4.50E-04
447,Roger Metzger,BOTH,72,165,0.231,5,0.436363636,2,LEAN,0.002943388
448,Rufino Linares,RIGHT,72,170,0.27,11,0.423529412,1,MODERATE,4.50E-04
449,Ray Webster,LEFT,72,185,0.244,17,0.389189189,1,MODERATE,9.95E-04
450,Bob Kearney,RIGHT,72,190,0.233,27,0.378947368,0,HEAVY,4.50E-04
451,Fergie Jenkins,RIGHT,77,205,0.165,13,0.375609756,0,HEAVY,4.50E-04
452,Dick Dietz,RIGHT,73,195,0.261,66,0.374358974,0,HEAVY,4.50E-04
453,Ted Cox,RIGHT,75,195,0.245,10,0.384615385,1,MODERATE,4.50E-04
454,Bobby Mitchell,LEFT,70,170,0.243,3,0.411764706,1,MODERATE,9.95E-04
455,Bobby Mitchell,RIGHT,75,185,0.235,21,0.405405405,1,MODERATE,4.50E-04
456,Barry Evans,RIGHT,73,180,0.251,2,0.405555556,1,MODERATE,4.50E-04
457,Mickey Brantley,RIGHT,70,180,0.259,32,0.388888889,1,MODERATE,4.50E-04
458,Al Gallagher,RIGHT,72,180,0.263,11,0.4,1,MODERATE,4.50E-04
460,Hector Cruz,RIGHT,71,170,0.225,39,0.417647059,1,MODERATE,4.50E-04
462,Woody Woodward,RIGHT,74,180,0.236,1,0.411111111,1,MODERATE,4.50E-04
463,Ted Martinez,RIGHT,72,165,0.24,7,0.436363636,2,LEAN,4.50E-04
464,Jim Anderson,RIGHT,72,170,0.218,13,0.423529412,1,MODERATE,4.50E-04
465,Lenn Sakata,RIGHT,69,160,0.23,25,0.43125,1,MODERATE,4.50E-04
466,Dave Duncan,RIGHT,74,190,0.214,109,0.389473684,1,MODERATE,4.50E-04
468,Dick Billings,RIGHT,73,195,0.227,16,0.374358974,0,HEAVY,4.50E-04
470,Bruce Bochte,LEFT,75,195,0.282,100,0.384615385,1,MODERATE,9.95E-04
471,Bernie Carbo,LEFT,71,173,0.264,96,0.410404624,1,MODERATE,9.95E-04
472,Vic Davalillo,LEFT,67,150,0.279,36,0.446666667,2,LEAN,9.95E-04
473,Burt Hooton,RIGHT,73,210,0.123,4,0.347619048,0,HEAVY,4.50E-04
476,Fernando Gonzalez,RIGHT,70,165,0.235,17,0.424242424,1,MODERATE,4.50E-04
477,Jim Sundberg,RIGHT,72,190,0.248,95,0.378947368,0,HEAVY,4.50E-04
478,Andy Kosco,RIGHT,75,205,0.236,73,0.365853659,0,HEAVY,4.50E-04
479,Steve Huntz,BOTH,73,204,0.206,16,0.357843137,0,HEAVY,0.002943388
481,Lenny Faedo,RIGHT,72,170,0.251,5,0.423529412,1,MODERATE,4.50E-04
482,John Lowenstein,LEFT,72,175,0.253,116,0.411428571,1,MODERATE,9.95E-04
483,Don Kessinger,BOTH,73,170,0.252,14,0.429411765,1,MODERATE,0.002943388
484,Joe Hague,LEFT,72,195,0.239,40,0.369230769,0,HEAVY,9.95E-04
485,Bake McBride,LEFT,74,190,0.299,63,0.389473684,1,MODERATE,9.95E-04
486,Dick Davis,RIGHT,75,190,0.265,27,0.394736842,1,MODERATE,4.50E-04
487,Richie Scheinblum,BOTH,73,180,0.263,13,0.405555556,1,MODERATE,0.002943388
488,Ed Herrmann,LEFT,73,195,0.24,80,0.374358974,0,HEAVY,9.95E-04
491,Bob Molinaro,LEFT,72,190,0.264,14,0.378947368,0,HEAVY,9.95E-04
492,Mike Hegan,LEFT,73,188,0.242,53,0.388297872,1,MODERATE,9.95E-04
493,Mike Diaz,RIGHT,74,195,0.247,31,0.379487179,1,MODERATE,4.50E-04
494,Tim Foli,RIGHT,72,179,0.251,25,0.402234637,1,MODERATE,4.50E-04
495,Alan Knicely,RIGHT,72,190,0.213,12,0.378947368,0,HEAVY,4.50E-04
496,Tim Laudner,RIGHT,75,212,0.225,77,0.353773585,0,HEAVY,4.50E-04
497,Jose Morales,RIGHT,71,187,0.287,26,0.379679144,1,MODERATE,4.50E-04
500,Juan Marichal,RIGHT,72,185,0.165,4,0.389189189,1,MODERATE,4.50E-04
501,Vida Blue,BOTH,72,189,0.104,4,0.380952381,1,MODERATE,0.002943388
504,Stan Papi,RIGHT,72,170,0.218,7,0.423529412,1,MODERATE,4.50E-04
505,Rob Wilfong,LEFT,73,180,0.248,39,0.405555556,1,MODERATE,9.95E-04
507,Steve Henderson,RIGHT,74,190,0.28,68,0.389473684,1,MODERATE,4.50E-04
508,Rob Picciolo,RIGHT,74,185,0.234,17,0.4,1,MODERATE,4.50E-04
511,Roberto Pena,RIGHT,68,170,0.245,13,0.4,1,MODERATE,4.50E-04
512,Bob Dernier,RIGHT,72,160,0.255,23,0.45,2,LEAN,4.50E-04
513,Bill Melton,RIGHT,74,200,0.253,160,0.37,0,HEAVY,4.50E-04
514,Albert Hall,BOTH,71,155,0.251,5,0.458064516,2,LEAN,0.002943388
515,Barbaro Garbey,RIGHT,70,170,0.267,11,0.411764706,1,MODERATE,4.50E-04
516,John Milner,LEFT,72,185,0.249,131,0.389189189,1,MODERATE,9.95E-04
517,Rich Reese,LEFT,75,185,0.253,52,0.405405405,1,MODERATE,9.95E-04
518,Chris Bando,BOTH,72,195,0.227,27,0.369230769,0,HEAVY,0.002943388
519,Bill Buckner,LEFT,72,185,0.289,174,0.389189189,1,MODERATE,9.95E-04
520,Jack Hiatt,RIGHT,74,190,0.251,22,0.389473684,1,MODERATE,4.50E-04
521,Nelson Mathews,RIGHT,76,195,0.223,22,0.38974359,1,MODERATE,4.50E-04
523,Ron Theobald,RIGHT,68,165,0.248,2,0.412121212,1,MODERATE,4.50E-04
525,Rafael Santana,RIGHT,73,165,0.246,13,0.442424242,2,LEAN,4.50E-04
526,Jerry Hairston,BOTH,70,170,0.258,30,0.411764706,1,MODERATE,0.002943388
530,Tommie Aaron,RIGHT,75,190,0.229,13,0.394736842,1,MODERATE,4.50E-04
531,Steve Dillard,RIGHT,73,180,0.243,13,0.405555556,1,MODERATE,4.50E-04
534,George Scott,RIGHT,74,200,0.268,271,0.37,0,HEAVY,4.50E-04
536,Ken Walters,RIGHT,73,180,0.231,11,0.405555556,1,MODERATE,4.50E-04
537,Gorman Thomas,RIGHT,74,210,0.225,268,0.352380952,0,HEAVY,4.50E-04
538,Paul Dade,RIGHT,73,185,0.27,10,0.394594595,1,MODERATE,4.50E-04
539,Darrell Porter,LEFT,72,193,0.247,188,0.373056995,0,HEAVY,9.95E-04
541,Fred Stanley,RIGHT,70,165,0.216,10,0.424242424,1,MODERATE,4.50E-04
542,Larry Bowa,BOTH,70,155,0.26,15,0.451612903,2,LEAN,0.002943388
543,Tim Corcoran,LEFT,71,175,0.27,12,0.405714286,1,MODERATE,9.95E-04
544,Jim Spencer,LEFT,74,195,0.25,146,0.379487179,1,MODERATE,9.95E-04
545,Pete LaCock,LEFT,74,200,0.257,27,0.37,0,HEAVY,9.95E-04
546,Carl Morton,RIGHT,72,200,0.156,7,0.36,0,HEAVY,4.50E-04
547,Gary Gray,RIGHT,72,187,0.24,24,0.385026738,1,MODERATE,4.50E-04
548,Matty Alou,LEFT,69,160,0.307,31,0.43125,1,MODERATE,9.95E-04
550,Jim Dwyer,LEFT,70,165,0.26,77,0.424242424,1,MODERATE,9.95E-04
551,Dalton Jones,LEFT,73,180,0.235,41,0.405555556,1,MODERATE,9.95E-04
552,Rennie Stennett,RIGHT,71,160,0.274,41,0.44375,2,LEAN,4.50E-04
554,Jerry May,RIGHT,74,190,0.234,15,0.389473684,1,MODERATE,4.50E-04
555,Rich McKinney,RIGHT,71,185,0.225,20,0.383783784,1,MODERATE,4.50E-04
556,Clint Hurdle,LEFT,75,195,0.259,32,0.384615385,1,MODERATE,9.95E-04
557,Mike Andrews,RIGHT,75,195,0.258,66,0.384615385,1,MODERATE,4.50E-04
558,Bobby Clark,RIGHT,72,190,0.239,19,0.378947368,0,HEAVY,4.50E-04
560,Cliff Johnson,RIGHT,76,215,0.258,196,0.353488372,0,HEAVY,4.50E-04
562,Donn Clendenon,RIGHT,76,209,0.274,159,0.363636364,0,HEAVY,4.50E-04
563,Charlie James,RIGHT,73,195,0.255,29,0.374358974,0,HEAVY,4.50E-04
564,Bob Horner,RIGHT,73,195,0.277,218,0.374358974,0,HEAVY,4.50E-04
565,Tom Veryzer,RIGHT,73,175,0.241,14,0.417142857,1,MODERATE,4.50E-04
567,George Smith,RIGHT,70,170,0.205,9,0.411764706,1,MODERATE,4.50E-04
568,Jim Essian,RIGHT,74,195,0.244,33,0.379487179,1,MODERATE,4.50E-04
569,Onix Concepcion,RIGHT,66,160,0.239,3,0.4125,1,MODERATE,4.50E-04
570,Boots Day,LEFT,69,160,0.256,8,0.43125,1,MODERATE,9.95E-04
571,Brian Giles,RIGHT,73,165,0.228,10,0.442424242,2,LEAN,4.50E-04
572,Garry Maddox,RIGHT,75,175,0.285,117,0.428571429,1,MODERATE,4.50E-04
573,Alex Trevino,RIGHT,70,165,0.249,23,0.424242424,1,MODERATE,4.50E-04
574,Jim Price,RIGHT,72,192,0.214,18,0.375,0,HEAVY,4.50E-04
575,Felix Millan,RIGHT,71,172,0.279,22,0.412790698,1,MODERATE,4.50E-04
576,Steve Garvey,RIGHT,70,192,0.294,272,0.364583333,0,HEAVY,4.50E-04
577,Don Mincher,LEFT,75,205,0.249,200,0.365853659,0,HEAVY,9.95E-04
580,Tony Cloninger,RIGHT,72,210,0.192,11,0.342857143,0,HEAVY,4.50E-04
581,Jim Gosger,LEFT,71,185,0.226,30,0.383783784,1,MODERATE,9.95E-04
582,Chuck Harrison,RIGHT,70,185,0.238,17,0.378378378,0,HEAVY,4.50E-04
583,Mike Ivie,RIGHT,75,205,0.269,81,0.365853659,0,HEAVY,4.50E-04
586,Marvell Wynne,LEFT,71,175,0.247,40,0.405714286,1,MODERATE,9.95E-04
587,Dusty Baker,RIGHT,74,183,0.278,242,0.404371585,1,MODERATE,4.50E-04
588,Tucker Ashford,RIGHT,73,195,0.218,6,0.374358974,0,HEAVY,4.50E-04
589,Ned Yost,RIGHT,73,190,0.212,16,0.384210526,1,MODERATE,4.50E-04
590,Bob Stinson,BOTH,71,180,0.25,33,0.394444444,1,MODERATE,0.002943388
592,Gaylord Perry,RIGHT,76,205,0.131,6,0.370731707,0,HEAVY,4.50E-04
593,Dave Marshall,LEFT,73,182,0.246,16,0.401098901,1,MODERATE,9.95E-04
594,Mickey Hatcher,RIGHT,74,200,0.28,38,0.37,0,HEAVY,4.50E-04
595,Roger Repoz,LEFT,75,190,0.224,82,0.394736842,1,MODERATE,9.95E-04
597,John Orsino,RIGHT,75,215,0.249,40,0.348837209,0,HEAVY,4.50E-04
599,Johnny Briggs,LEFT,73,190,0.253,139,0.384210526,1,MODERATE,9.95E-04
601,Dave Hostetler,RIGHT,76,215,0.229,37,0.353488372,0,HEAVY,4.50E-04
602,Bob Jones,LEFT,74,195,0.221,20,0.379487179,1,MODERATE,9.95E-04
603,Keith Hernandez,LEFT,72,180,0.296,162,0.4,1,MODERATE,9.95E-04
606,Willie Upshaw,LEFT,72,185,0.262,123,0.389189189,1,MODERATE,9.95E-04
607,Dick Green,RIGHT,70,180,0.24,80,0.388888889,1,MODERATE,4.50E-04
608,Dane Iorg,LEFT,72,180,0.276,14,0.4,1,MODERATE,9.95E-04
609,Richie Hebner,LEFT,73,195,0.276,203,0.374358974,0,HEAVY,9.95E-04
610,Fran Healy,RIGHT,77,220,0.25,20,0.35,0,HEAVY,4.50E-04
611,Doc Edwards,RIGHT,74,215,0.238,15,0.344186047,0,HEAVY,4.50E-04
612,Sandy Alomar,BOTH,69,140,0.245,13,0.492857143,2,LEAN,0.002943388
613,Joe Strain,RIGHT,70,169,0.25,1,0.414201183,1,MODERATE,4.50E-04
614,Gene Richards,LEFT,72,175,0.29,26,0.411428571,1,MODERATE,9.95E-04
615,Buddy Bell,RIGHT,73,180,0.279,201,0.405555556,1,MODERATE,4.50E-04
616,Al Woods,LEFT,75,190,0.271,35,0.394736842,1,MODERATE,9.95E-04
617,Rudy Law,LEFT,73,165,0.271,18,0.442424242,2,LEAN,9.95E-04
619,Jody Davis,RIGHT,76,192,0.245,127,0.395833333,1,MODERATE,4.50E-04
620,Mike Edwards,RIGHT,70,154,0.25,2,0.454545455,2,LEAN,4.50E-04
623,Deron Johnson,RIGHT,74,200,0.244,245,0.37,0,HEAVY,4.50E-04
625,Don Wert,RIGHT,70,162,0.242,77,0.432098765,1,MODERATE,4.50E-04
626,Mike Fiore,LEFT,72,175,0.227,13,0.411428571,1,MODERATE,9.95E-04
627,Miguel Dilone,BOTH,72,160,0.265,6,0.45,2,LEAN,0.002943388
628,Greg Luzinski,RIGHT,73,220,0.276,307,0.331818182,0,HEAVY,4.50E-04
629,Bobby Tolan,LEFT,71,170,0.265,86,0.417647059,1,MODERATE,9.95E-04
632,Ron Woods,RIGHT,70,168,0.233,26,0.416666667,1,MODERATE,4.50E-04
633,Tony Horton,RIGHT,75,210,0.268,76,0.357142857,0,HEAVY,4.50E-04
634,Randy Hundley,RIGHT,71,170,0.236,82,0.417647059,1,MODERATE,4.50E-04
635,Jose Tartabull,LEFT,71,165,0.261,2,0.43030303,1,MODERATE,9.95E-04
636,Ben Oglivie,LEFT,74,160,0.273,235,0.4625,2,LEAN,9.95E-04
638,Bob Johnson,RIGHT,70,175,0.272,44,0.4,1,MODERATE,4.50E-04
639,Don Buford,BOTH,67,160,0.264,93,0.41875,1,MODERATE,0.002943388
640,Duane Kuiper,LEFT,72,175,0.271,1,0.411428571,1,MODERATE,9.95E-04
641,Brant Alyea,RIGHT,75,215,0.247,38,0.348837209,0,HEAVY,4.50E-04
642,Jerry Narron,LEFT,75,205,0.211,21,0.365853659,0,HEAVY,9.95E-04
643,Lou Johnson,RIGHT,71,170,0.258,48,0.417647059,1,MODERATE,4.50E-04
644,Ken Retzer,LEFT,72,185,0.264,14,0.389189189,1,MODERATE,9.95E-04
645,Mike Brown,RIGHT,74,195,0.265,23,0.379487179,1,MODERATE,4.50E-04
647,Greg Walker,LEFT,75,205,0.26,113,0.365853659,0,HEAVY,9.95E-04
648,Terry Harper,RIGHT,76,195,0.253,36,0.38974359,1,MODERATE,4.50E-04
649,Jerry Royster,RIGHT,72,165,0.249,40,0.436363636,2,LEAN,4.50E-04
652,Barry Bonnell,RIGHT,75,190,0.272,56,0.394736842,1,MODERATE,4.50E-04
653,Tom Seaver,RIGHT,73,195,0.154,12,0.374358974,0,HEAVY,4.50E-04
654,Jerry Martin,RIGHT,73,195,0.251,85,0.374358974,0,HEAVY,4.50E-04
655,Bill Stein,RIGHT,70,170,0.267,44,0.411764706,1,MODERATE,4.50E-04
656,Joel Youngblood,RIGHT,72,180,0.265,80,0.4,1,MODERATE,4.50E-04
657,Reggie Jackson,LEFT,72,195,0.262,563,0.369230769,0,HEAVY,9.95E-04
658,Sonny Jackson,LEFT,69,150,0.251,7,0.46,2,LEAN,9.95E-04
660,Rodney Scott,BOTH,72,160,0.236,3,0.45,2,LEAN,0.002943388
661,Rich Coggins,LEFT,68,170,0.265,12,0.4,1,MODERATE,9.95E-04
662,Phil Gagliano,RIGHT,73,180,0.238,14,0.405555556,1,MODERATE,4.50E-04
663,Jerry McNertney,RIGHT,72,180,0.237,27,0.4,1,MODERATE,4.50E-04
664,Mitchell Page,LEFT,74,205,0.266,72,0.36097561,0,HEAVY,9.95E-04
665,Kiko Garcia,RIGHT,71,180,0.239,12,0.394444444,1,MODERATE,4.50E-04
666,Larry Milbourne,BOTH,72,161,0.254,11,0.447204969,2,LEAN,0.002943388
667,Bill Sudakis,BOTH,73,190,0.234,59,0.384210526,1,MODERATE,0.002943388
669,Domingo Ramos,RIGHT,70,154,0.24,8,0.454545455,2,LEAN,4.50E-04
670,Ron Oester,BOTH,74,185,0.265,42,0.4,1,MODERATE,0.002943388
671,Glenn Adams,LEFT,73,180,0.28,34,0.405555556,1,MODERATE,9.95E-04
673,Joe Morgan,LEFT,67,160,0.271,268,0.41875,1,MODERATE,9.95E-04
674,R.J. Reynolds,BOTH,72,190,0.267,35,0.378947368,0,HEAVY,0.002943388
676,Lee Thomas,LEFT,74,195,0.255,106,0.379487179,1,MODERATE,9.95E-04
677,Ray Fosse,RIGHT,74,215,0.256,61,0.344186047,0,HEAVY,4.50E-04
678,Paul Popovich,BOTH,72,175,0.233,14,0.411428571,1,MODERATE,0.002943388
679,John Stephenson,LEFT,71,180,0.216,12,0.394444444,1,MODERATE,9.95E-04
680,Doug Clemens,LEFT,72,180,0.229,12,0.4,1,MODERATE,9.95E-04
682,Orlando Mercado,RIGHT,72,180,0.199,7,0.4,1,MODERATE,4.50E-04
683,Charley Smith,RIGHT,73,170,0.239,69,0.429411765,1,MODERATE,4.50E-04
685,Buddy Biancalana,BOTH,71,160,0.205,6,0.44375,2,LEAN,0.002943388
687,Bob Uecker,RIGHT,73,190,0.2,14,0.384210526,1,MODERATE,4.50E-04
688,Felix Torres,RIGHT,71,165,0.254,27,0.43030303,1,MODERATE,4.50E-04
689,Steve Braun,LEFT,70,180,0.271,52,0.388888889,1,MODERATE,9.95E-04
690,Ray Knight,RIGHT,73,185,0.271,84,0.394594595,1,MODERATE,4.50E-04
691,Ty Cline,LEFT,72,170,0.238,6,0.423529412,1,MODERATE,9.95E-04
692,Thad Bosley,LEFT,75,175,0.272,20,0.428571429,1,MODERATE,9.95E-04
693,Bobby Grich,RIGHT,74,180,0.266,224,0.411111111,1,MODERATE,4.50E-04
694,Jimmie Hall,LEFT,72,175,0.254,121,0.411428571,1,MODERATE,9.95E-04
695,John Boccabella,RIGHT,73,195,0.219,26,0.374358974,0,HEAVY,4.50E-04
696,Brock Davis,LEFT,70,160,0.26,1,0.4375,2,LEAN,9.95E-04
698,Curt Blefary,LEFT,74,195,0.237,112,0.379487179,1,MODERATE,9.95E-04
701,Mack Jones,LEFT,73,180,0.252,133,0.405555556,1,MODERATE,9.95E-04
702,Buddy Bradford,RIGHT,71,170,0.226,52,0.417647059,1,MODERATE,4.50E-04
703,Hosken Powell,LEFT,73,175,0.259,17,0.417142857,1,MODERATE,9.95E-04
705,Dave Stapleton,RIGHT,73,178,0.271,41,0.41011236,1,MODERATE,4.50E-04
706,Gary Ward,RIGHT,74,195,0.276,130,0.379487179,1,MODERATE,4.50E-04
707,Jim Lonborg,RIGHT,77,200,0.136,3,0.385,1,MODERATE,4.50E-04
708,Joe Lis,RIGHT,72,175,0.233,32,0.411428571,1,MODERATE,4.50E-04
709,Dan Meyer,LEFT,71,180,0.253,86,0.394444444,1,MODERATE,9.95E-04
710,Jim Holt,LEFT,72,180,0.265,19,0.4,1,MODERATE,9.95E-04
712,Larry Herndon,RIGHT,75,190,0.274,107,0.394736842,1,MODERATE,4.50E-04
716,Wallace Johnson,BOTH,72,173,0.255,5,0.416184971,1,MODERATE,0.002943388
718,Eddie Leon,RIGHT,72,170,0.236,24,0.423529412,1,MODERATE,4.50E-04
720,Jim Wohlford,RIGHT,71,175,0.26,21,0.405714286,1,MODERATE,4.50E-04
721,J.R. Richard,RIGHT,80,222,0.168,10,0.36036036,0,HEAVY,4.50E-04
722,Bill Voss,LEFT,74,160,0.227,19,0.4625,2,LEAN,9.95E-04
723,Keith Moreland,RIGHT,72,190,0.279,121,0.378947368,0,HEAVY,4.50E-04
725,Alex Johnson,RIGHT,72,205,0.288,78,0.351219512,0,HEAVY,4.50E-04
726,Wayne Krenchicki,LEFT,73,180,0.266,15,0.405555556,1,MODERATE,9.95E-04
728,Dave Rosello,RIGHT,71,160,0.236,10,0.44375,2,LEAN,4.50E-04
730,Paul Schaal,RIGHT,71,165,0.244,57,0.43030303,1,MODERATE,4.50E-04
731,Tito Landrum,RIGHT,71,175,0.249,13,0.405714286,1,MODERATE,4.50E-04
732,Dave Edwards,RIGHT,72,170,0.237,14,0.423529412,1,MODERATE,4.50E-04
733,Mario Guerrero,RIGHT,70,155,0.257,7,0.451612903,2,LEAN,4.50E-04
734,Tom Tresh,BOTH,73,180,0.245,153,0.405555556,1,MODERATE,0.002943388
736,Ron Roenicke,BOTH,72,180,0.238,17,0.4,1,MODERATE,0.002943388
737,Doug Griffin,RIGHT,72,160,0.245,7,0.45,2,LEAN,4.50E-04
738,Steve Blass,RIGHT,72,165,0.172,1,0.436363636,2,LEAN,4.50E-04
739,Johnnie LeMaster,RIGHT,74,165,0.222,22,0.448484848,2,LEAN,4.50E-04
741,Nate Oliver,RIGHT,70,160,0.226,2,0.4375,2,LEAN,4.50E-04
742,Ray Sadecki,LEFT,71,180,0.191,5,0.394444444,1,MODERATE,9.95E-04
743,Ken Rudolph,RIGHT,73,180,0.213,6,0.405555556,1,MODERATE,4.50E-04
744,Wayne Nordhagen,RIGHT,74,205,0.282,39,0.36097561,0,HEAVY,4.50E-04
745,Biff Pocoroba,BOTH,70,175,0.257,21,0.4,1,MODERATE,0.002943388
746,Len Matuszek,LEFT,74,190,0.234,30,0.389473684,1,MODERATE,9.95E-04
748,Joe Lefebvre,LEFT,70,170,0.258,31,0.411764706,1,MODERATE,9.95E-04
749,Jim Maloney,LEFT,74,190,0.201,7,0.389473684,1,MODERATE,9.95E-04
750,Andre Robertson,RIGHT,70,155,0.251,5,0.451612903,2,LEAN,4.50E-04
751,Jerry Zimmerman,RIGHT,74,185,0.204,3,0.4,1,MODERATE,4.50E-04
754,Chet Lemon,RIGHT,72,190,0.273,215,0.378947368,0,HEAVY,4.50E-04
756,Phil Mankowski,LEFT,72,180,0.264,8,0.4,1,MODERATE,9.95E-04
757,Cleon Jones,RIGHT,72,185,0.281,93,0.389189189,1,MODERATE,4.50E-04
758,Joaquin Andujar,BOTH,72,170,0.127,5,0.423529412,1,MODERATE,0.002943388
759,Mike Lum,LEFT,72,180,0.247,90,0.4,1,MODERATE,9.95E-04
760,Johnny Grubb,LEFT,75,175,0.278,99,0.428571429,1,MODERATE,9.95E-04
761,Curt Motton,RIGHT,68,164,0.213,25,0.414634146,1,MODERATE,4.50E-04
762,Johnny Bench,RIGHT,73,197,0.267,389,0.370558376,0,HEAVY,4.50E-04
763,Dale Berra,RIGHT,72,180,0.236,49,0.4,1,MODERATE,4.50E-04
765,Bob Meacham,BOTH,73,175,0.236,8,0.417142857,1,MODERATE,0.002943388
767,Carl Warwick,RIGHT,70,170,0.248,31,0.411764706,1,MODERATE,4.50E-04
768,Sam Bowens,RIGHT,73,188,0.223,45,0.388297872,1,MODERATE,4.50E-04
769,George Wright,BOTH,71,180,0.245,42,0.394444444,1,MODERATE,0.002943388
770,Luis Aguayo,RIGHT,69,173,0.236,37,0.398843931,1,MODERATE,4.50E-04
771,Hal Lanier,RIGHT,74,180,0.228,8,0.411111111,1,MODERATE,4.50E-04
773,Len Randle,BOTH,70,169,0.257,27,0.414201183,1,MODERATE,0.002943388
774,Greg Pryor,RIGHT,72,180,0.25,14,0.4,1,MODERATE,4.50E-04
775,Jim Traber,LEFT,72,194,0.227,27,0.371134021,0,HEAVY,9.95E-04
776,Dave Nelson,RIGHT,70,160,0.244,20,0.4375,2,LEAN,4.50E-04
777,Lynn Jones,RIGHT,69,175,0.252,7,0.394285714,1,MODERATE,4.50E-04
778,Bryan Little,BOTH,70,160,0.245,3,0.4375,2,LEAN,0.002943388
779,Ken Suarez,RIGHT,69,175,0.227,5,0.394285714,1,MODERATE,4.50E-04
780,Rick Peters,BOTH,69,170,0.277,2,0.405882353,1,MODERATE,0.002943388
781,Ron Stone,LEFT,74,185,0.241,6,0.4,1,MODERATE,9.95E-04
783,Tommie Agee,RIGHT,71,195,0.255,130,0.364102564,0,HEAVY,4.50E-04
784,Bob Bailey,RIGHT,73,180,0.257,189,0.405555556,1,MODERATE,4.50E-04
785,Cap Peterson,RIGHT,74,195,0.23,19,0.379487179,1,MODERATE,4.50E-04
786,Ted Uhlaender,LEFT,74,190,0.263,36,0.389473684,1,MODERATE,9.95E-04
787,Ted Simmons,BOTH,71,193,0.285,248,0.367875648,0,HEAVY,0.002943388
788,Bobby Murcer,LEFT,71,160,0.277,252,0.44375,2,LEAN,9.95E-04
789,Dick Tracewski,RIGHT,71,160,0.213,8,0.44375,2,LEAN,4.50E-04
792,Bill Nahorodny,RIGHT,74,200,0.241,25,0.37,0,HEAVY,4.50E-04
793,Bill Madlock,RIGHT,71,180,0.305,163,0.394444444,1,MODERATE,4.50E-04
794,Bob Boone,RIGHT,74,195,0.254,105,0.379487179,1,MODERATE,4.50E-04
796,Steve Kemp,LEFT,72,195,0.278,130,0.369230769,0,HEAVY,9.95E-04
797,Rick Burleson,RIGHT,70,165,0.273,50,0.424242424,1,MODERATE,4.50E-04
801,Carl Taylor,RIGHT,74,200,0.266,10,0.37,0,HEAVY,4.50E-04
802,Terry Harmon,RIGHT,74,180,0.233,4,0.411111111,1,MODERATE,4.50E-04
803,Mike Hargrove,LEFT,72,195,0.29,80,0.369230769,0,HEAVY,9.95E-04
805,Steve Hovley,LEFT,70,188,0.258,8,0.372340426,0,HEAVY,9.95E-04
806,Don Leppert,RIGHT,74,220,0.229,15,0.336363636,0,HEAVY,4.50E-04
814,Lee May,RIGHT,75,195,0.267,354,0.384615385,1,MODERATE,4.50E-04
816,Sam McDowell,LEFT,77,190,0.154,2,0.405263158,1,MODERATE,9.95E-04
817,Rick Renick,RIGHT,72,188,0.221,20,0.382978723,1,MODERATE,4.50E-04
818,Jeff Torborg,RIGHT,72,195,0.214,8,0.369230769,0,HEAVY,4.50E-04
819,Dave Campbell,RIGHT,73,180,0.213,20,0.405555556,1,MODERATE,4.50E-04
820,Pat Kelly,LEFT,73,185,0.264,76,0.394594595,1,MODERATE,9.95E-04
821,Al Weis,BOTH,72,160,0.219,7,0.45,2,LEAN,0.002943388
822,Jerry Turner,LEFT,69,180,0.257,45,0.383333333,1,MODERATE,9.95E-04
823,Rick Auerbach,RIGHT,72,165,0.22,9,0.436363636,2,LEAN,4.50E-04
825,Don Wilson,RIGHT,74,195,0.146,1,0.379487179,1,MODERATE,4.50E-04
828,Sandy Valdespino,LEFT,68,170,0.23,7,0.4,1,MODERATE,9.95E-04
832,Ken Phelps,LEFT,73,209,0.239,123,0.349282297,0,HEAVY,9.95E-04
833,Cesar Cedeno,RIGHT,74,175,0.285,199,0.422857143,1,MODERATE,4.50E-04
835,Phil Linz,RIGHT,73,180,0.235,11,0.405555556,1,MODERATE,4.50E-04
836,Manny Mota,RIGHT,70,160,0.304,31,0.4375,2,LEAN,4.50E-04
838,Steve Renko,RIGHT,77,230,0.215,6,0.334782609,0,HEAVY,4.50E-04
839,Rick Sofield,LEFT,73,195,0.243,9,0.374358974,0,HEAVY,9.95E-04
842,Doug DeCinces,RIGHT,74,190,0.259,237,0.389473684,1,MODERATE,4.50E-04
843,John Castino,RIGHT,71,175,0.278,41,0.405714286,1,MODERATE,4.50E-04
844,Dave May,LEFT,70,186,0.251,96,0.376344086,0,HEAVY,9.95E-04
845,Ron Washington,RIGHT,71,155,0.261,20,0.458064516,2,LEAN,4.50E-04
846,Billy Grabarkewitz,RIGHT,70,165,0.236,28,0.424242424,1,MODERATE,4.50E-04
847,Willie Aikens,LEFT,75,220,0.271,110,0.340909091,0,HEAVY,9.95E-04
848,Earl Williams,RIGHT,75,215,0.247,138,0.348837209,0,HEAVY,4.50E-04
851,Don Hahn,RIGHT,73,180,0.236,7,0.405555556,1,MODERATE,4.50E-04
852,Todd Cruz,RIGHT,72,175,0.22,34,0.411428571,1,MODERATE,4.50E-04
853,Tom Egan,RIGHT,76,218,0.2,22,0.348623853,0,HEAVY,4.50E-04
854,Bob Heise,RIGHT,72,175,0.247,1,0.411428571,1,MODERATE,4.50E-04
855,Tommy Harper,RIGHT,69,165,0.257,146,0.418181818,1,MODERATE,4.50E-04
856,Joe Wallis,BOTH,71,180,0.244,16,0.394444444,1,MODERATE,0.002943388
857,Max Alvis,RIGHT,71,185,0.247,111,0.383783784,1,MODERATE,4.50E-04
858,Rico Carty,RIGHT,75,200,0.299,204,0.375,0,HEAVY,4.50E-04
859,Mike Cubbage,LEFT,72,180,0.258,34,0.4,1,MODERATE,9.95E-04
861,Merritt Ranew,LEFT,71,170,0.247,8,0.417647059,1,MODERATE,9.95E-04
862,Lyman Bostock,LEFT,73,180,0.311,23,0.405555556,1,MODERATE,9.95E-04
863,Damaso Garcia,RIGHT,73,165,0.283,36,0.442424242,2,LEAN,4.50E-04
866,Roy Howell,LEFT,73,190,0.261,80,0.384210526,1,MODERATE,9.95E-04
867,Boog Powell,LEFT,76,230,0.266,339,0.330434783,0,HEAVY,9.95E-04
869,Sonny Siebert,RIGHT,75,190,0.173,12,0.394736842,1,MODERATE,4.50E-04
871,Bobby Darwin,RIGHT,74,190,0.251,83,0.389473684,1,MODERATE,4.50E-04
873,Dan Driessen,LEFT,71,187,0.267,153,0.379679144,1,MODERATE,9.95E-04
874,Bruce Miller,RIGHT,73,185,0.246,1,0.394594595,1,MODERATE,4.50E-04
875,Bob Bailor,RIGHT,71,170,0.264,9,0.417647059,1,MODERATE,4.50E-04
876,Tommy Helms,RIGHT,70,165,0.269,34,0.424242424,1,MODERATE,4.50E-04
877,Tony Armas,RIGHT,71,182,0.252,251,0.39010989,1,MODERATE,4.50E-04
878,Willie Horton,RIGHT,71,209,0.273,325,0.339712919,0,HEAVY,4.50E-04
879,Lou Piniella,RIGHT,72,182,0.291,102,0.395604396,1,MODERATE,4.50E-04
880,Butch Hobson,RIGHT,73,193,0.248,98,0.378238342,0,HEAVY,4.50E-04
881,John Wathan,RIGHT,74,205,0.262,21,0.36097561,0,HEAVY,4.50E-04
882,Hal King,LEFT,73,200,0.214,24,0.365,0,HEAVY,9.95E-04
883,Mike Krukow,RIGHT,77,205,0.193,5,0.375609756,0,HEAVY,4.50E-04
884,Andres Mora,RIGHT,72,180,0.223,27,0.4,1,MODERATE,4.50E-04
885,Barry Foote,RIGHT,75,205,0.23,57,0.365853659,0,HEAVY,4.50E-04
886,Ed Ott,LEFT,70,190,0.259,33,0.368421053,0,HEAVY,9.95E-04
887,Alan Wiggins,BOTH,74,160,0.259,5,0.4625,2,LEAN,0.002943388
888,Ron Clark,RIGHT,70,175,0.189,5,0.4,1,MODERATE,4.50E-04
891,Julio Gotay,RIGHT,72,180,0.26,6,0.4,1,MODERATE,4.50E-04
892,Gary Alexander,RIGHT,74,195,0.23,55,0.379487179,1,MODERATE,4.50E-04
893,Andre Thornton,RIGHT,75,200,0.254,253,0.375,0,HEAVY,4.50E-04
894,Bob Oliver,RIGHT,75,205,0.256,94,0.365853659,0,HEAVY,4.50E-04
900,Bob Robertson,RIGHT,73,195,0.242,115,0.374358974,0,HEAVY,4.50E-04
903,Ollie Brown,RIGHT,74,178,0.265,102,0.415730337,1,MODERATE,4.50E-04
905,Frank Quilici,RIGHT,73,170,0.214,5,0.429411765,1,MODERATE,4.50E-04
907,Joe Pepitone,LEFT,74,185,0.258,219,0.4,1,MODERATE,9.95E-04
908,Steve Barber,LEFT,72,195,0.115,5,0.369230769,0,HEAVY,9.95E-04
910,Norm Miller,LEFT,70,185,0.238,24,0.378378378,0,HEAVY,9.95E-04
913,Bob Chance,LEFT,74,196,0.261,24,0.37755102,0,HEAVY,9.95E-04
914,Julio Cruz,BOTH,69,165,0.237,23,0.418181818,1,MODERATE,0.002943388
915,Bill Sample,RIGHT,69,175,0.272,46,0.394285714,1,MODERATE,4.50E-04
918,Craig Kusick,RIGHT,75,210,0.235,46,0.357142857,0,HEAVY,4.50E-04
919,Rudy Meoli,LEFT,69,165,0.212,2,0.418181818,1,MODERATE,9.95E-04
920,Ruppert Jones,LEFT,70,170,0.25,147,0.411764706,1,MODERATE,9.95E-04
921,Glenn Hoffman,RIGHT,73,175,0.242,23,0.417142857,1,MODERATE,4.50E-04
922,Russ Gibson,RIGHT,73,195,0.228,8,0.374358974,0,HEAVY,4.50E-04
924,Terry Francona,LEFT,73,190,0.274,16,0.384210526,1,MODERATE,9.95E-04
925,John Bateman,RIGHT,75,210,0.23,81,0.357142857,0,HEAVY,4.50E-04
926,Luis Pujols,RIGHT,74,175,0.193,6,0.422857143,1,MODERATE,4.50E-04
927,Joe Gaines,RIGHT,73,190,0.241,21,0.384210526,1,MODERATE,4.50E-04
928,Doug Rader,RIGHT,74,208,0.251,155,0.355769231,0,HEAVY,4.50E-04
929,Mickey Stanley,RIGHT,73,185,0.248,117,0.394594595,1,MODERATE,4.50E-04
932,Phil Bradley,RIGHT,72,185,0.286,78,0.389189189,1,MODERATE,4.50E-04
933,Winston Llenas,RIGHT,70,165,0.23,3,0.424242424,1,MODERATE,4.50E-04
934,Charlie Moore,RIGHT,71,180,0.261,36,0.394444444,1,MODERATE,4.50E-04
935,Ralph Garr,LEFT,71,185,0.306,75,0.383783784,1,MODERATE,9.95E-04
936,Tommy John,RIGHT,75,180,0.157,5,0.416666667,1,MODERATE,4.50E-04
937,Bruce Benedict,RIGHT,73,175,0.242,18,0.417142857,1,MODERATE,4.50E-04
938,John Ellis,RIGHT,74,225,0.262,69,0.328888889,0,HEAVY,4.50E-04
939,Wes Parker,BOTH,73,180,0.267,64,0.405555556,1,MODERATE,0.002943388
941,David Green,RIGHT,75,170,0.268,31,0.441176471,2,LEAN,4.50E-04
942,Reid Nichols,RIGHT,71,165,0.266,22,0.43030303,1,MODERATE,4.50E-04
943,Rick Reichardt,RIGHT,75,210,0.261,116,0.357142857,0,HEAVY,4.50E-04
944,Luis Tiant,RIGHT,72,180,0.164,5,0.4,1,MODERATE,4.50E-04
946,Broderick Perkins,LEFT,70,180,0.271,8,0.388888889,1,MODERATE,9.95E-04
947,Leon Roberts,RIGHT,75,200,0.267,78,0.375,0,HEAVY,4.50E-04
948,Ray Burris,RIGHT,77,200,0.151,1,0.385,1,MODERATE,4.50E-04
949,Len Gabrielson,LEFT,76,210,0.253,37,0.361904762,0,HEAVY,9.95E-04
950,Johnny Edwards,LEFT,76,220,0.242,81,0.345454545,0,HEAVY,9.95E-04
952,Tom Grieve,RIGHT,74,190,0.249,65,0.389473684,1,MODERATE,4.50E-04
954,Bob Forsch,RIGHT,76,200,0.213,12,0.38,1,MODERATE,4.50E-04
956,Danny Cater,RIGHT,72,170,0.276,66,0.423529412,1,MODERATE,4.50E-04
957,Bill Schroeder,RIGHT,74,200,0.24,61,0.37,0,HEAVY,4.50E-04
958,Clay Dalrymple,LEFT,72,190,0.233,55,0.378947368,0,HEAVY,9.95E-04
959,Carlos May,LEFT,71,200,0.274,90,0.355,0,HEAVY,9.95E-04
960,Reggie Smith,BOTH,72,180,0.287,314,0.4,1,MODERATE,0.002943388
963,Davey Johnson,RIGHT,73,170,0.261,136,0.429411765,1,MODERATE,4.50E-04
964,Ellis Valentine,RIGHT,76,205,0.278,123,0.370731707,0,HEAVY,4.50E-04
965,Roy White,BOTH,70,160,0.271,160,0.4375,2,LEAN,0.002943388
966,Mike Brumley,LEFT,70,195,0.229,5,0.358974359,0,HEAVY,9.95E-04
967,Al Luplow,LEFT,70,175,0.235,33,0.4,1,MODERATE,9.95E-04
969,Dick Allen,RIGHT,71,187,0.292,351,0.379679144,1,MODERATE,4.50E-04
970,Doug Ault,RIGHT,75,200,0.236,17,0.375,0,HEAVY,4.50E-04
971,Mark Wagner,RIGHT,72,165,0.243,3,0.436363636,2,LEAN,4.50E-04
973,Willie Stargell,LEFT,74,188,0.282,475,0.393617021,1,MODERATE,9.95E-04
974,Steve Carlton,LEFT,76,210,0.201,13,0.361904762,0,HEAVY,9.95E-04
975,Jake Wood,RIGHT,73,163,0.25,35,0.447852761,2,LEAN,4.50E-04
976,Del Unser,LEFT,73,180,0.258,87,0.405555556,1,MODERATE,9.95E-04
977,Bob Brower,RIGHT,71,185,0.242,17,0.383783784,1,MODERATE,4.50E-04
978,Ray Culp,RIGHT,72,200,0.123,1,0.36,0,HEAVY,4.50E-04
979,Ivan Murrell,RIGHT,74,195,0.236,33,0.379487179,1,MODERATE,4.50E-04
980,Lee Mazzilli,BOTH,73,180,0.259,93,0.405555556,1,MODERATE,0.002943388
981,Garth Iorg,RIGHT,71,170,0.258,20,0.417647059,1,MODERATE,4.50E-04
982,Alan Ashby,BOTH,74,185,0.245,90,0.4,1,MODERATE,0.002943388
983,Bob Brenly,RIGHT,74,210,0.247,91,0.352380952,0,HEAVY,4.50E-04
984,Ron Blomberg,LEFT,73,195,0.293,52,0.374358974,0,HEAVY,9.95E-04
985,Jim Rooker,RIGHT,72,195,0.201,7,0.369230769,0,HEAVY,4.50E-04
986,Tim Blackwell,BOTH,71,170,0.228,6,0.417647059,1,MODERATE,0.002943388
988,Jerry Morales,RIGHT,70,155,0.259,95,0.451612903,2,LEAN,4.50E-04
989,Davey Lopes,RIGHT,69,170,0.263,155,0.405882353,1,MODERATE,4.50E-04
990,Catfish Hunter,RIGHT,72,190,0.226,6,0.378947368,0,HEAVY,4.50E-04
991,Mario Soto,RIGHT,72,174,0.132,1,0.413793103,1,MODERATE,4.50E-04
992,Jimmy Wynn,RIGHT,70,160,0.25,291,0.4375,2,LEAN,4.50E-04
993,Hank Allen,RIGHT,72,190,0.241,6,0.378947368,0,HEAVY,4.50E-04
994,Jim Fregosi,RIGHT,73,190,0.265,151,0.384210526,1,MODERATE,4.50E-04
995,Pepe Frias,RIGHT,70,159,0.24,1,0.440251572,2,LEAN,4.50E-04
996,Mike Schmidt,RIGHT,74,195,0.267,548,0.379487179,1,MODERATE,4.50E-04
997,Willie Montanez,LEFT,72,170,0.275,139,0.423529412,1,MODERATE,9.95E-04
998,Rey Quinones,RIGHT,71,160,0.243,29,0.44375,2,LEAN,4.50E-04
999,Mike Squires,LEFT,71,185,0.26,6,0.383783784,1,MODERATE,9.95E-04
1000,Champ Summers,LEFT,74,205,0.255,54,0.36097561,0,HEAVY,9.95E-04
1002,Bert Campaneris,RIGHT,70,160,0.259,79,0.4375,2,LEAN,4.50E-04
1003,Bobby Valentine,RIGHT,70,189,0.26,12,0.37037037,0,HEAVY,4.50E-04
1004,Rob Andrews,RIGHT,72,185,0.251,3,0.389189189,1,MODERATE,4.50E-04
1005,Tom Haller,LEFT,76,195,0.257,134,0.38974359,1,MODERATE,9.95E-04
1007,Ed Stroud,LEFT,71,180,0.237,14,0.394444444,1,MODERATE,9.95E-04
1008,Ron Swoboda,RIGHT,74,195,0.242,73,0.379487179,1,MODERATE,4.50E-04
1009,Harry Spilman,LEFT,73,180,0.237,18,0.405555556,1,MODERATE,9.95E-04
1010,Bob Barton,RIGHT,72,175,0.226,9,0.411428571,1,MODERATE,4.50E-04
1011,Daryl Sconiers,LEFT,74,185,0.265,15,0.4,1,MODERATE,9.95E-04
1012,Joe Torre,RIGHT,74,212,0.297,252,0.349056604,0,HEAVY,4.50E-04
1013,Al Ferrara,RIGHT,73,200,0.259,51,0.365,0,HEAVY,4.50E-04
1015,Sixto Lezcano,RIGHT,70,165,0.271,148,0.424242424,1,MODERATE,4.50E-04
1017,Dave Nicholson,RIGHT,74,215,0.212,61,0.344186047,0,HEAVY,4.50E-04
1018,Freddie Patek,RIGHT,65,148,0.242,41,0.439189189,2,LEAN,4.50E-04
1019,Ken Hubbs,RIGHT,74,175,0.247,14,0.422857143,1,MODERATE,4.50E-04
1020,Pepe Mangual,RIGHT,70,157,0.242,16,0.445859873,2,LEAN,4.50E-04
1021,Leron Lee,LEFT,72,196,0.25,31,0.367346939,0,HEAVY,9.95E-04
1023,Steve Ontiveros,BOTH,72,185,0.274,24,0.389189189,1,MODERATE,0.002943388
1024,Willie Davis,LEFT,74,180,0.279,182,0.411111111,1,MODERATE,9.95E-04
1025,Tom Lawless,RIGHT,71,170,0.207,2,0.417647059,1,MODERATE,4.50E-04
1026,Jerry Moses,RIGHT,75,210,0.251,25,0.357142857,0,HEAVY,4.50E-04
1027,Bobby Bonds,RIGHT,73,190,0.268,332,0.384210526,1,MODERATE,4.50E-04
1028,Dave McNally,RIGHT,71,185,0.133,9,0.383783784,1,MODERATE,4.50E-04
1029,Darrell Brown,BOTH,72,184,0.274,1,0.391304348,1,MODERATE,0.002943388
1030,Roy Foster,RIGHT,72,185,0.253,45,0.389189189,1,MODERATE,4.50E-04
1031,Denis Menke,RIGHT,72,185,0.25,101,0.389189189,1,MODERATE,4.50E-04
1032,Hal Breeden,RIGHT,74,200,0.243,21,0.37,0,HEAVY,4.50E-04
1033,Manny Trillo,RIGHT,73,150,0.263,61,0.486666667,2,LEAN,4.50E-04
1034,Jackie Gutierrez,RIGHT,71,175,0.237,4,0.405714286,1,MODERATE,4.50E-04
1035,Jerry Kenney,LEFT,73,170,0.237,7,0.429411765,1,MODERATE,9.95E-04
1036,Fred Kendall,RIGHT,73,185,0.234,31,0.394594595,1,MODERATE,4.50E-04
1037,Mike Anderson,RIGHT,74,200,0.246,28,0.37,0,HEAVY,4.50E-04
1039,Joe Charboneau,RIGHT,74,205,0.266,29,0.36097561,0,HEAVY,4.50E-04
1040,Jimmie Schaffer,RIGHT,69,170,0.223,11,0.405882353,1,MODERATE,4.50E-04
1041,Junior Kennedy,RIGHT,71,175,0.248,4,0.405714286,1,MODERATE,4.50E-04
1042,Wilbur Howard,BOTH,74,170,0.25,6,0.435294118,1,MODERATE,0.002943388
1043,Rod Gilbreath,RIGHT,74,180,0.248,14,0.411111111,1,MODERATE,4.50E-04
1044,Mark Brouhard,RIGHT,73,210,0.259,25,0.347619048,0,HEAVY,4.50E-04
1046,Mike Young,BOTH,74,195,0.247,72,0.379487179,1,MODERATE,0.002943388
1047,Chris Speier,RIGHT,73,175,0.246,112,0.417142857,1,MODERATE,4.50E-04
1048,Gene Michael,BOTH,74,183,0.229,15,0.404371585,1,MODERATE,0.002943388
1049,Vic Harris,BOTH,71,165,0.217,13,0.43030303,1,MODERATE,0.002943388
1050,Mike Fischlin,RIGHT,73,165,0.22,3,0.442424242,2,LEAN,4.50E-04
1051,Don Money,RIGHT,73,170,0.261,176,0.429411765,1,MODERATE,4.50E-04
1052,Joe Rudi,RIGHT,74,200,0.264,179,0.37,0,HEAVY,4.50E-04
1053,Jim Rice,RIGHT,74,200,0.298,382,0.37,0,HEAVY,4.50E-04
1056,Gil Garrido,RIGHT,69,150,0.237,1,0.46,2,LEAN,4.50E-04
1057,Marty Perez,RIGHT,71,160,0.246,22,0.44375,2,LEAN,4.50E-04
1058,Tom Matchick,LEFT,73,173,0.215,4,0.421965318,1,MODERATE,9.95E-04
1059,Jack Perconte,LEFT,70,160,0.27,2,0.4375,2,LEAN,9.95E-04
1060,Ed Kirkpatrick,LEFT,71,195,0.238,85,0.364102564,0,HEAVY,9.95E-04
1061,Jerry Grote,RIGHT,70,185,0.252,39,0.378378378,0,HEAVY,4.50E-04
1062,Ellie Hendricks,LEFT,73,175,0.22,62,0.417142857,1,MODERATE,9.95E-04
1063,Jim Beauchamp,RIGHT,74,190,0.231,14,0.389473684,1,MODERATE,4.50E-04
1065,Tito Fuentes,BOTH,71,175,0.268,45,0.405714286,1,MODERATE,0.002943388
1066,Ron Brand,RIGHT,67,167,0.239,3,0.401197605,1,MODERATE,4.50E-04
1067,Leo Cardenas,RIGHT,71,150,0.257,118,0.473333333,2,LEAN,4.50E-04
1068,Art Shamsky,LEFT,73,168,0.253,68,0.43452381,1,MODERATE,9.95E-04
1070,Ron Cey,RIGHT,70,185,0.261,316,0.378378378,0,HEAVY,4.50E-04
1071,Skip Jutze,RIGHT,71,190,0.215,3,0.373684211,0,HEAVY,4.50E-04
1072,Butch Wynegar,BOTH,73,190,0.255,65,0.384210526,1,MODERATE,0.002943388
1073,Ron LeFlore,RIGHT,72,200,0.288,59,0.36,0,HEAVY,4.50E-04
1074,Bill Russell,RIGHT,72,175,0.263,46,0.411428571,1,MODERATE,4.50E-04
1075,Gene Tenace,RIGHT,72,190,0.241,201,0.378947368,0,HEAVY,4.50E-04
1076,Bubba Morton,RIGHT,70,175,0.267,14,0.4,1,MODERATE,4.50E-04
1077,Ellie Rodriguez,RIGHT,71,185,0.245,16,0.383783784,1,MODERATE,4.50E-04
1078,Darrel Chaney,BOTH,74,188,0.217,14,0.393617021,1,MODERATE,0.002943388
1079,Dick Nen,LEFT,74,200,0.224,21,0.37,0,HEAVY,9.95E-04
1081,Bill Freehan,RIGHT,75,203,0.262,200,0.369458128,0,HEAVY,4.50E-04
1082,Steve Nicosia,RIGHT,70,185,0.248,11,0.378378378,0,HEAVY,4.50E-04
1083,Ted Savage,RIGHT,73,185,0.233,34,0.394594595,1,MODERATE,4.50E-04
1084,Pete Mackanin,RIGHT,74,190,0.226,30,0.389473684,1,MODERATE,4.50E-04
1085,Rich Dauer,RIGHT,72,180,0.257,43,0.4,1,MODERATE,4.50E-04
1087,Rowland Office,LEFT,72,170,0.259,32,0.423529412,1,MODERATE,9.95E-04
1088,Rick Leach,LEFT,73,180,0.268,18,0.405555556,1,MODERATE,9.95E-04
1089,Dwayne Murphy,LEFT,73,185,0.246,166,0.394594595,1,MODERATE,9.95E-04
1090,Larry Harlow,LEFT,74,185,0.248,12,0.4,1,MODERATE,9.95E-04
1091,Mike Epstein,LEFT,75,230,0.244,130,0.326086957,0,HEAVY,9.95E-04
1092,Jerry Mumphrey,BOTH,74,185,0.289,70,0.4,1,MODERATE,0.002943388
1094,Glenn Beckert,RIGHT,73,190,0.283,22,0.384210526,1,MODERATE,4.50E-04
1095,Ron Davis,RIGHT,72,175,0.233,10,0.411428571,1,MODERATE,4.50E-04
1096,Mike Shannon,RIGHT,75,195,0.255,68,0.384615385,1,MODERATE,4.50E-04
1097,Jason Thompson,LEFT,76,200,0.261,208,0.38,1,MODERATE,9.95E-04
1098,Wayne Tolleson,BOTH,69,160,0.241,9,0.43125,1,MODERATE,0.002943388
1101,Mike Jorgensen,LEFT,72,195,0.243,95,0.369230769,0,HEAVY,9.95E-04
1102,Ed Romero,RIGHT,71,160,0.247,8,0.44375,2,LEAN,4.50E-04
1103,Rick Joseph,RIGHT,73,192,0.243,13,0.380208333,1,MODERATE,4.50E-04
1104,Cecil Cooper,LEFT,74,165,0.298,241,0.448484848,2,LEAN,9.95E-04
1105,Bill Almon,RIGHT,75,180,0.254,36,0.416666667,1,MODERATE,4.50E-04
1106,Joe Ferguson,RIGHT,74,200,0.24,122,0.37,0,HEAVY,4.50E-04
1108,Jerry Terrell,RIGHT,71,165,0.253,4,0.43030303,1,MODERATE,4.50E-04
1110,Dave Revering,LEFT,76,210,0.265,62,0.361904762,0,HEAVY,9.95E-04
1111,Curt Ford,LEFT,70,150,0.245,7,0.466666667,2,LEAN,9.95E-04
1112,Jerry Dybzinski,RIGHT,74,180,0.234,3,0.411111111,1,MODERATE,4.50E-04
1114,Bob Burda,LEFT,71,174,0.224,13,0.408045977,1,MODERATE,9.95E-04
1115,Jesse Gonder,LEFT,70,180,0.251,26,0.388888889,1,MODERATE,9.95E-04
1116,Gary Sutherland,RIGHT,72,185,0.243,24,0.389189189,1,MODERATE,4.50E-04
1117,Bob Coluccio,RIGHT,71,183,0.22,26,0.387978142,1,MODERATE,4.50E-04
1118,Dave Rader,LEFT,71,165,0.257,30,0.43030303,1,MODERATE,9.95E-04
1119,Ron Gardenhire,RIGHT,72,175,0.232,4,0.411428571,1,MODERATE,4.50E-04
1120,Bill Sharp,LEFT,70,178,0.255,9,0.393258427,1,MODERATE,9.95E-04
1121,Alan Bannister,RIGHT,71,170,0.27,19,0.417647059,1,MODERATE,4.50E-04
1122,Bob Watson,RIGHT,72,201,0.295,184,0.358208955,0,HEAVY,4.50E-04
1123,Ken Harrelson,RIGHT,74,190,0.239,131,0.389473684,1,MODERATE,4.50E-04
1124,Bobby Wine,RIGHT,73,187,0.215,30,0.390374332,1,MODERATE,4.50E-04
1126,John Kennedy,RIGHT,72,185,0.225,32,0.389189189,1,MODERATE,4.50E-04
1127,Chico Ruiz,BOTH,72,169,0.24,2,0.426035503,1,MODERATE,0.002943388
1129,Gail Hopkins,LEFT,70,198,0.266,25,0.353535354,0,HEAVY,9.95E-04
1130,Doug Frobel,LEFT,76,196,0.201,20,0.387755102,1,MODERATE,9.95E-04
1131,Luis Melendez,RIGHT,72,165,0.248,9,0.436363636,2,LEAN,4.50E-04
1133,Bill Plummer,RIGHT,73,190,0.188,14,0.384210526,1,MODERATE,4.50E-04
1134,Buck Rodgers,BOTH,74,190,0.232,31,0.389473684,1,MODERATE,0.002943388
1135,Phil Niekro,RIGHT,73,180,0.169,7,0.405555556,1,MODERATE,4.50E-04
1137,Tom Poquette,LEFT,70,175,0.268,10,0.4,1,MODERATE,9.95E-04
1139,Brian Asselstine,LEFT,73,175,0.254,12,0.417142857,1,MODERATE,9.95E-04
1140,Rick Miller,LEFT,72,175,0.269,28,0.411428571,1,MODERATE,9.95E-04
1141,Ed Charles,RIGHT,70,170,0.263,86,0.411764706,1,MODERATE,4.50E-04
1145,Floyd Rayford,RIGHT,70,190,0.244,38,0.368421053,0,HEAVY,4.50E-04
1147,Tony Conigliaro,RIGHT,75,185,0.264,166,0.405405405,1,MODERATE,4.50E-04
1149,Jim Barr,RIGHT,75,205,0.162,1,0.365853659,0,HEAVY,4.50E-04
1150,Jerry Remy,LEFT,69,165,0.275,7,0.418181818,1,MODERATE,9.95E-04
1152,Frank Duffy,RIGHT,73,180,0.232,26,0.405555556,1,MODERATE,4.50E-04
1154,Tom O'Malley,LEFT,72,180,0.256,13,0.4,1,MODERATE,9.95E-04
1155,Phil Garner,RIGHT,70,175,0.26,109,0.4,1,MODERATE,4.50E-04
